"","year","id.land.use","land.use","Hutan.lahan.kering.primer","Hutan.lahan.kering.sekunder...bekas.tebangan","Hutan.rawa.primer","Hutan.rawa.sekunder","Hutan.mangrove.primer","Hutan.mangrove.sekunder","Hutan.tanaman","Perkebunan","Semak.belukar","Semak.belukar.rawa","Savanna...Padang.rumput","Pertanian.lahan.kering","Pertanian.lahan.kering..campur.semak...kebun.campur","Sawah","Tambak","Pemukiman","Transmigrasi","Lahan.terbuka","Pertambangan","Tubuh.air","Rawa","Awan","Bandara"
"Hutan.lahan.kering.primer",2016,"1","Hutan.lahan.kering.primer",13579.2170928386,0,0,0,0,0,0,0,0,0,0,0,336.782907161061,0,0,0,0,0,0,0,0,0,0
"Hutan.lahan.kering.sekunder...bekas.tebangan",2016,"2","Hutan.lahan.kering.sekunder...bekas.tebangan",0,131479.178409462,0,0,0,0,0,0,0,0,0,21224.3151461742,14319.5064443632,0,0,0,0,0,0,0,0,0,0
"Hutan.rawa.primer",2016,"3","Hutan.rawa.primer",0,0,0,0,0,0,0,0,0,0,0,0,0,0,0,0,0,0,0,0,0,0,0
"Hutan.rawa.sekunder",2016,"4","Hutan.rawa.sekunder",0,0,0,0,0,0,0,0,0,0,0,0,0,0,0,0,0,0,0,0,0,0,0
"Hutan.mangrove.primer",2016,"5","Hutan.mangrove.primer",0,0,0,0,0,0,0,0,0,0,0,0,0,0,0,0,0,0,0,0,0,0,0
"Hutan.mangrove.sekunder",2016,"6","Hutan.mangrove.sekunder",0,0,0,0,0,1089.13384787238,0,0,0,0,0,0,0,0,0,41.8661521276736,0,0,0,0,0,0,0
"Hutan.tanaman",2016,"7","Hutan.tanaman",0,0,0,0,0,0,368180.373200423,0,0,0,0,33970.0232507471,27600.2487853279,33690.3547635021,0,0,0,0,0,0,0,0,0
"Perkebunan",2016,"8","Perkebunan",0,0,0,0,0,0,0,137227.983699141,0,0,0,12657.6302446024,8065.64612227006,13585.7399339869,0,0,0,0,0,0,0,0,0
"Semak.belukar",2016,"9","Semak.belukar",0,0,0,0,0,0,0,0,2765.69150700594,0,0,0,711.308492994289,0,0,0,0,0,0,0,0,0,0
"Semak.belukar.rawa",2016,"10","Semak.belukar.rawa",0,0,0,0,0,0,0,0,0,0,0,0,0,0,0,0,0,0,0,0,0,0,0
"Savanna...Padang.rumput",2016,"11","Savanna...Padang.rumput",0,0,0,0,0,0,0,0,0,0,0,0,0,0,0,0,0,0,0,0,0,0,0
"Pertanian.lahan.kering",2016,"12","Pertanian.lahan.kering",0,0,0,0,0,0,53738.3902287863,0,0,0,0,704017.67020843,45978.1660198209,51860.3981215009,8312.05390143611,14915.8963967085,0,0,0,1479.42512331715,0,0,0
"Pertanian.lahan.kering..campur.semak...kebun.campur",2016,"13","Pertanian.lahan.kering..campur.semak...kebun.campur",0,31534.1283629441,0,0,0,0,2268.52352006453,2927.51827228264,0,0,0,49760.3577699782,593410.978285711,48323.5366619427,0,13624.9571270763,0,0,0,0,0,0,0
"Sawah",2016,"14","Sawah",0,0,0,0,0,0,21209.5358087092,18104.7785569435,621.758972751304,0,0,56594.245442446,50147.5187817157,697587.199999998,2532.98535932884,19283.8969083954,0,1978.85067332826,344.987987616165,3546.89150855652,0,0,31.3500002102228
"Tambak",2016,"15","Tambak",0,0,0,0,0,0,0,0,0,0,0,0,0,14273.2000000001,57092.7999999999,0,0,0,0,0,0,0,0
"Pemukiman",2016,"16","Pemukiman",0,0,0,0,0,0,7846.07726738532,0,0,0,0,21090.3350750208,14940.9987140251,18363.7901115236,0,248956.798832045,0,0,0,0,0,0,0
"Transmigrasi",2016,"17","Transmigrasi",0,0,0,0,0,0,0,0,0,0,0,0,0,0,0,0,0,0,0,0,0,0,0
"Lahan.terbuka",2016,"18","Lahan.terbuka",0,0,0,0,0,0,384.137583554706,0,0,0,0,0,1928.46241644544,0,0,0,0,9250.39999999996,0,0,0,0,0
"Pertambangan",2016,"19","Pertambangan",0,0,0,0,0,0,0,0,0,0,0,332.600000000173,0,0,0,0,0,0,1330.40000000007,0,0,0,0
"Tubuh.air",2016,"20","Tubuh.air",0,0,0,0,0,0,0,5702.52438502023,0,0,0,411.875614979663,0,0,0,0,0,0,0,24457.5999999998,0,0,0
"Rawa",2016,"21","Rawa",0,0,0,0,0,0.606134728070174,0,0,0,0,0,0,0,0,0,0,0,0,0,0,20.3938652719753,0,0
"Awan",2016,"22","Awan",0,0,0,0,0,0,0,0,0,0,0,0,0,0,0,0,0,0,0,0,0,0,0
"Bandara",2016,"23","Bandara",0,0,0,0,0,0,0,0,0,0,0,83.6000000001359,0,0,0,0,0,0,0,0,0,0,334.399999999895
"Hutan.lahan.kering.primer1",2017,"1","Hutan.lahan.kering.primer",13183.4131248527,0,0,0,0,0,0,0,0,0,0,0,395.80396798629,0,0,0,0,0,0,0,0,0,0
"Hutan.lahan.kering.sekunder...bekas.tebangan1",2017,"2","Hutan.lahan.kering.sekunder...bekas.tebangan",0,128322.779762341,0,0,0,0,0,0,0,0,0,20914.4852758533,13776.0417342108,0,0,0,0,0,0,0,0,0,0
"Hutan.rawa.primer1",2017,"3","Hutan.rawa.primer",0,0,0,0,0,0,0,0,0,0,0,0,0,0,0,0,0,0,0,0,0,0,0
"Hutan.rawa.sekunder1",2017,"4","Hutan.rawa.sekunder",0,0,0,0,0,0,0,0,0,0,0,0,0,0,0,0,0,0,0,0,0,0,0
"Hutan.mangrove.primer1",2017,"5","Hutan.mangrove.primer",0,0,0,0,0,0,0,0,0,0,0,0,0,0,0,0,0,0,0,0,0,0,0
"Hutan.mangrove.sekunder1",2017,"6","Hutan.mangrove.sekunder",0,0,0,0,0,1045.56807629434,0,0,0,0,0,0,0,0,0,44.1719063063319,0,0,0,0,0,0,0
"Hutan.tanaman1",2017,"7","Hutan.tanaman",0,0,0,0,0,0,360383.677751116,0,0,0,0,33617.396624392,27054.1885868308,32571.7746465838,0,0,0,0,0,0,0,0,0
"Perkebunan1",2017,"8","Perkebunan",0,0,0,0,0,0,0,131168.698997416,0,0,0,12455.7681388624,7697.22084714309,12641.116929966,0,0,0,0,0,0,0,0,0
"Semak.belukar1",2017,"9","Semak.belukar",0,0,0,0,0,0,0,0,2694.46161123546,0,0,0,692.988868521029,0,0,0,0,0,0,0,0,0,0
"Semak.belukar.rawa1",2017,"10","Semak.belukar.rawa",0,0,0,0,0,0,0,0,0,0,0,0,0,0,0,0,0,0,0,0,0,0,0
"Savanna...Padang.rumput1",2017,"11","Savanna...Padang.rumput",0,0,0,0,0,0,0,0,0,0,0,0,0,0,0,0,0,0,0,0,0,0,0
"Pertanian.lahan.kering1",2017,"12","Pertanian.lahan.kering",0,0,0,0,0,0,53598.8400216336,0,0,0,0,719885.145377343,48653.4404261241,53953.6252288993,8235.19008975584,14177.776210473,0,0,0,1611.20414826219,0,0,27.4312498881336
"Pertanian.lahan.kering..campur.semak...kebun.campur1",2017,"13","Pertanian.lahan.kering..campur.semak...kebun.campur",0,29980.9348087046,0,0,0,0,2904.79699702202,2994.85011099976,0,0,0,52529.5076935168,605881.22140382,50317.0140247945,0,12831.2919309764,0,0,0,0,0,0,0
"Sawah1",2017,"14","Sawah",0,0,0,0,0,0,21238.180891442,17443.4636051604,588.910931516803,0,0,58824.5431070429,52200.2917467213,702147.375673964,1929.94861049025,17980.3428179686,0,1854.38664717136,377.470083760236,3099.305477218,0,0,0
"Tambak1",2017,"15","Tambak",0,0,0,0,0,0,0,0,0,0,0,0,0,13587.5678521529,54350.2714086119,0,0,0,0,0,0,0,0
"Pemukiman1",2017,"16","Pemukiman",0,0,0,0,0,0,5016.90341963471,0,0,0,0,21385.2551590534,15072.1013721067,17891.9503406872,0,237457.205124871,0,0,0,0,0,0,0
"Transmigrasi1",2017,"17","Transmigrasi",0,0,0,0,0,0,0,0,0,0,0,0,0,0,0,0,0,0,0,0,0,0,0
"Lahan.terbuka1",2017,"18","Lahan.terbuka",0,0,0,0,0,0,0,0,0,0,0,0,2245.85013466574,0,0,0,0,8983.40053866254,0,0,0,0,0
"Pertambangan1",2017,"19","Pertambangan",0,0,0,0,0,0,0,0,0,0,0,335.077597523616,0,0,0,0,0,0,1340.31039009294,0,0,0,0
"Tubuh.air1",2017,"20","Tubuh.air",0,0,0,0,0,0,0,5174.220455208,0,0,0,722.562871166665,0,0,0,0,0,0,0,23587.1333054988,0,0,0
"Rawa1",2017,"21","Rawa",0,0,0,0,0,0.71095159014294,0,0,0,0,0,0,0,0,0,0,0,0,0,0,19.682913681896,0,0
"Awan1",2017,"22","Awan",0,0,0,0,0,0,0,0,0,0,0,0,0,0,0,0,0,0,0,0,0,0,0
"Bandara1",2017,"23","Bandara",0,0,0,0,0,0,0,0,0,0,0,73.150000042026,0,0,0,0,0,0,0,0,0,0,292.600000168177
"Hutan.lahan.kering.primer2",2018,"1","Hutan.lahan.kering.primer",12732.3361124579,0,0,0,0,0,0,0,0,0,0,0,451.077012394657,0,0,0,0,0,0,0,0,0,0
"Hutan.lahan.kering.sekunder...bekas.tebangan2",2018,"2","Hutan.lahan.kering.sekunder...bekas.tebangan",0,124615.426204578,0,0,0,0,0,0,0,0,0,20498.6208846411,13189.6674818271,0,0,0,0,0,0,0,0,0,0
"Hutan.rawa.primer2",2018,"3","Hutan.rawa.primer",0,0,0,0,0,0,0,0,0,0,0,0,0,0,0,0,0,0,0,0,0,0,0
"Hutan.rawa.sekunder2",2018,"4","Hutan.rawa.sekunder",0,0,0,0,0,0,0,0,0,0,0,0,0,0,0,0,0,0,0,0,0,0,0
"Hutan.mangrove.primer2",2018,"5","Hutan.mangrove.primer",0,0,0,0,0,0,0,0,0,0,0,0,0,0,0,0,0,0,0,0,0,0,0
"Hutan.mangrove.sekunder2",2018,"6","Hutan.mangrove.sekunder",0,0,0,0,0,999.946680606292,0,0,0,0,0,0,0,0,0,46.3323472784359,0,0,0,0,0,0,0
"Hutan.tanaman2",2018,"7","Hutan.tanaman",0,0,0,0,0,0,352054.164121253,0,0,0,0,33221.9217064982,26531.5033331611,31334.8099199358,0,0,0,0,0,0,0,0,0
"Perkebunan2",2018,"8","Perkebunan",0,0,0,0,0,0,0,125423.50926982,0,0,0,12281.3472813978,7425.13456072144,11651.2420568448,0,0,0,0,0,0,0,0,0
"Semak.belukar2",2018,"9","Semak.belukar",0,0,0,0,0,0,0,0,2611.67545465169,0,0,0,671.697088099841,0,0,0,0,0,0,0,0,0,0
"Semak.belukar.rawa2",2018,"10","Semak.belukar.rawa",0,0,0,0,0,0,0,0,0,0,0,0,0,0,0,0,0,0,0,0,0,0,0
"Savanna...Padang.rumput2",2018,"11","Savanna...Padang.rumput",0,0,0,0,0,0,0,0,0,0,0,0,0,0,0,0,0,0,0,0,0,0,0
"Pertanian.lahan.kering2",2018,"12","Pertanian.lahan.kering",0,0,0,0,0,0,53364.4965309122,0,0,0,0,736360.09639595,51536.8870909957,56106.5569711915,8181.30102946277,13399.3789417009,0,0,0,1770.17254094135,0,0,24.0023436420452
"Pertanian.lahan.kering..campur.semak...kebun.campur2",2018,"13","Pertanian.lahan.kering..campur.semak...kebun.campur",0,28323.2595825529,0,0,0,0,3476.71445799133,3152.50922391893,0,0,0,55451.2806328374,618863.337103001,52385.9788012211,0,12016.0692866071,0,0,0,0,0,0,0
"Sawah2",2018,"14","Sawah",0,0,0,0,0,0,21151.8093778641,16780.0164730087,554.00089062583,0,0,61120.7624422386,54386.169824286,706488.339757639,1304.71997296157,16573.1611449633,0,1721.98495610621,418.435113397281,2611.02474395788,0,0,0
"Tambak2",2018,"15","Tambak",0,0,0,0,0,0,0,0,0,0,0,0,0,12903.0820217711,51612.3280870861,0,0,0,0,0,0,0,0
"Pemukiman2",2018,"16","Pemukiman",0,0,0,0,0,0,1986.09892533444,0,0,0,0,21752.8589596678,15345.5850233497,17415.0681541119,0,225991.176928131,0,0,0,0,0,0,0
"Transmigrasi2",2018,"17","Transmigrasi",0,0,0,0,0,0,0,0,0,0,0,0,0,0,0,0,0,0,0,0,0,0,0
"Lahan.terbuka2",2018,"18","Lahan.terbuka",0,0,0,0,0,0,0,0,0,0,0,0,2167.55743716675,0,0,0,0,8670.22974866715,0,0,0,0,0
"Pertambangan2",2018,"19","Pertambangan",0,0,0,0,0,0,0,0,0,0,0,343.556094770731,0,0,0,0,0,0,1374.22437908269,0,0,0,0
"Tubuh.air2",2018,"20","Tubuh.air",0,0,0,0,0,0,0,4615.51802290541,0,0,0,1044.0105632903,0,0,0,0,0,0,0,22638.1143447831,0,0,0
"Rawa2",2018,"21","Rawa",0,0,0,0,0,0.809220972507319,0,0,0,0,0,0,0,0,0,0,0,0,0,0,18.8736927095051,0,0
"Awan2",2018,"22","Awan",0,0,0,0,0,0,0,0,0,0,0,0,0,0,0,0,0,0,0,0,0,0,0
"Bandara2",2018,"23","Bandara",0,0,0,0,0,0,0,0,0,0,0,64.0062500110103,0,0,0,0,0,0,0,0,0,0,256.025000044886
"Hutan.lahan.kering.primer3",2019,"1","Hutan.lahan.kering.primer",12228.5267829892,0,0,0,0,0,0,0,0,0,0,0,503.809329468504,0,0,0,0,0,0,0,0,0,0
"Hutan.lahan.kering.sekunder...bekas.tebangan3",2019,"2","Hutan.lahan.kering.sekunder...bekas.tebangan",0,120392.118177226,0,0,0,0,0,0,0,0,0,20000.7798933862,12545.7877165181,0,0,0,0,0,0,0,0,0,0
"Hutan.rawa.primer3",2019,"3","Hutan.rawa.primer",0,0,0,0,0,0,0,0,0,0,0,0,0,0,0,0,0,0,0,0,0,0,0
"Hutan.rawa.sekunder3",2019,"4","Hutan.rawa.sekunder",0,0,0,0,0,0,0,0,0,0,0,0,0,0,0,0,0,0,0,0,0,0,0
"Hutan.mangrove.primer3",2019,"5","Hutan.mangrove.primer",0,0,0,0,0,0,0,0,0,0,0,0,0,0,0,0,0,0,0,0,0,0,0
"Hutan.mangrove.sekunder3",2019,"6","Hutan.mangrove.sekunder",0,0,0,0,0,952.340552065005,0,0,0,0,0,0,0,0,0,48.4153495139471,0,0,0,0,0,0,0
"Hutan.tanaman3",2019,"7","Hutan.tanaman",0,0,0,0,0,0,343228.535071634,0,0,0,0,32790.4949066635,25995.970826837,30018.2826082212,0,0,0,0,0,0,0,0,0
"Perkebunan3",2019,"8","Perkebunan",0,0,0,0,0,0,0,119975.829290468,0,0,0,12136.9277456491,7208.76171447779,10650.0342390592,0,0,0,0,0,0,0,0,0
"Semak.belukar3",2019,"9","Semak.belukar",0,0,0,0,0,0,0,0,2518.0569980047,0,0,0,647.61934727231,0,0,0,0,0,0,0,0,0,0
"Semak.belukar.rawa3",2019,"10","Semak.belukar.rawa",0,0,0,0,0,0,0,0,0,0,0,0,0,0,0,0,0,0,0,0,0,0,0
"Savanna...Padang.rumput3",2019,"11","Savanna...Padang.rumput",0,0,0,0,0,0,0,0,0,0,0,0,0,0,0,0,0,0,0,0,0,0,0
"Pertanian.lahan.kering3",2019,"12","Pertanian.lahan.kering",0,0,0,0,0,0,52805.7805669026,0,30.744559114275,0,0,753471.109319003,54680.0950591315,58449.1766004627,8115.47451988919,12532.5712783914,0,0,114.571386907526,1917.93587082191,0,0,21.0020506787114
"Pertanian.lahan.kering..campur.semak...kebun.campur3",2019,"13","Pertanian.lahan.kering..campur.semak...kebun.campur",0,26556.2430542156,0,0,0,0,3659.43699077888,3375.90590296037,0,0,0,58687.0422555891,632381.338270323,54716.962263689,0,11191.6872174477,0,0,0,0,0,0,0
"Sawah3",2019,"14","Sawah",0,0,0,0,0,0,20636.3129905271,16183.4310658611,486.175727821232,0,0,63664.2194315377,56839.3914423504,710628.062146171,689.662615021196,15102.2120789128,0,1581.19966311973,355.115265700704,2119.29525569327,0,0,0
"Tambak3",2019,"15","Tambak",0,0,0,0,0,0,0,0,0,0,0,0,0,12219.6698179018,48878.6792716082,0,0,0,0,0,0,0,0
"Pemukiman3",2019,"16","Pemukiman",0,0,0,0,0,0,0,0,0,0,0,21776.8736343248,15288.3087695285,16541.4203669838,0,214419.515877845,0,0,0,0,0,0,0
"Transmigrasi3",2019,"17","Transmigrasi",0,0,0,0,0,0,0,0,0,0,0,0,0,0,0,0,0,0,0,0,0,0,0
"Lahan.terbuka3",2019,"18","Lahan.terbuka",0,0,0,0,0,0,0,0,0,0,0,0,2078.44294095465,0,0,0,0,8313.77176381847,0,0,0,0,0
"Pertambangan3",2019,"19","Pertambangan",0,0,0,0,0,0,0,0,0,0,0,358.531898496104,0,0,0,0,0,0,1434.12759398407,0,0,0,0
"Tubuh.air3",2019,"20","Tubuh.air",0,0,0,0,0,0,0,3978.97606845446,0,0,0,1424.88625748193,0,0,0,0,0,0,0,21615.4493037461,0,0,0
"Rawa3",2019,"21","Rawa",0,0,0,0,0,0.903062253240932,0,0,0,0,0,0,0,0,0,0,0,0,0,0,17.9706304562715,0,0
"Awan3",2019,"22","Awan",0,0,0,0,0,0,0,0,0,0,0,0,0,0,0,0,0,0,0,0,0,0,0
"Bandara3",2019,"23","Bandara",0,0,0,0,0,0,0,0,0,0,0,56.0054687374613,0,0,0,0,0,0,0,0,0,0,224.021874949569
"Hutan.lahan.kering.primer4",2020,"1","Hutan.lahan.kering.primer",11673.6105606379,0,0,0,0,0,0,0,0,0,0,0,554.91622235115,0,0,0,0,0,0,0,0,0,0
"Hutan.lahan.kering.sekunder...bekas.tebangan4",2020,"2","Hutan.lahan.kering.sekunder...bekas.tebangan",0,115676.582287031,0,0,0,0,0,0,0,0,0,19410.4619937716,11861.316950638,0,0,0,0,0,0,0,0,0,0
"Hutan.rawa.primer4",2020,"3","Hutan.rawa.primer",0,0,0,0,0,0,0,0,0,0,0,0,0,0,0,0,0,0,0,0,0,0,0
"Hutan.rawa.sekunder4",2020,"4","Hutan.rawa.sekunder",0,0,0,0,0,0,0,0,0,0,0,0,0,0,0,0,0,0,0,0,0,0,0
"Hutan.mangrove.primer4",2020,"5","Hutan.mangrove.primer",0,0,0,0,0,0,0,0,0,0,0,0,0,0,0,0,0,0,0,0,0,0,0
"Hutan.mangrove.sekunder4",2020,"6","Hutan.mangrove.sekunder",0,0,0,0,0,902.772133804829,0,0,0,0,0,0,0,0,0,50.4714805139665,0,0,0,0,0,0,0
"Hutan.tanaman4",2020,"7","Hutan.tanaman",0,0,0,0,0,0,333930.922010077,0,0,0,0,32306.7416984301,25455.8406313742,28636.5612799616,0,0,0,0,0,0,0,0,0
"Perkebunan4",2020,"8","Perkebunan",0,0,0,0,0,0,0,114809.961605648,0,0,0,12002.4804429133,7053.23978922998,9648.46048995372,0,0,0,0,0,0,0,0,0
"Semak.belukar4",2020,"9","Semak.belukar",0,0,0,0,0,0,0,0,2414.09574371968,0,0,0,620.881541220059,0,0,0,0,0,0,0,0,0,0
"Semak.belukar.rawa4",2020,"10","Semak.belukar.rawa",0,0,0,0,0,0,0,0,0,0,0,0,0,0,0,0,0,0,0,0,0,0,0
"Savanna...Padang.rumput4",2020,"11","Savanna...Padang.rumput",0,0,0,0,0,0,0,0,0,0,0,0,0,0,0,0,0,0,0,0,0,0,0
"Pertanian.lahan.kering4",2020,"12","Pertanian.lahan.kering",0,0,0,0,0,0,51645.3457586418,0,291.749070614969,0,0,771248.18257196,58180.8486645684,61084.8283012659,7993.52516091385,11513.1833233334,0,0,386.007281859143,2004.82388337447,0,0,18.3767943363928
"Pertanian.lahan.kering..campur.semak...kebun.campur4",2020,"13","Pertanian.lahan.kering..campur.semak...kebun.campur",0,24675.441580738,0,0,0,0,3106.72539373396,3661.14987048406,0,0,0,62395.5824569959,646460.428251425,57492.330520249,0,10377.8673432374,0,0,0,0,0,0,0
"Sawah4",2020,"14","Sawah",0,0,0,0,0,0,19368.1457928034,15709.6327637446,185.822440402633,0,0,66631.9200423503,59758.077523572,714578.886433992,126.627496760142,13612.5812884324,0,1431.63353341145,147.526103220363,1672.75462380041,0,0,0
"Tambak4",2020,"15","Tambak",0,0,0,0,0,0,0,0,0,0,0,0,0,11536.7632813033,46147.0531252149,0,0,0,0,0,0,0,0
"Pemukiman4",2020,"16","Pemukiman",0,0,0,0,0,0,0,0,0,0,0,21121.4964458487,14580.4036524107,14958.2835060113,0,202634.21819784,0,0,0,0,0,0,0
"Transmigrasi4",2020,"17","Transmigrasi",0,0,0,0,0,0,0,0,0,0,0,0,0,0,0,0,0,0,0,0,0,0,0
"Lahan.terbuka4",2020,"18","Lahan.terbuka",0,0,0,0,0,0,0,0,0,0,0,0,1978.99428538752,0,0,0,0,7915.97714155009,0,0,0,0,0
"Pertambangan4",2020,"19","Pertambangan",0,0,0,0,0,0,0,0,0,0,0,380.76284931855,0,0,0,0,0,0,1523.05139727364,0,0,0,0
"Tubuh.air4",2020,"20","Tubuh.air",0,0,0,0,0,0,0,3209.68496999718,0,0,0,1920.8511160549,0,0,0,0,0,0,0,20522.144344209,0,0,0
"Rawa4",2020,"21","Rawa",0,0,0,0,0,0.994082486371553,0,0,0,0,0,0,0,0,0,0,0,0,0,0,16.9765479698417,0,0
"Awan4",2020,"22","Awan",0,0,0,0,0,0,0,0,0,0,0,0,0,0,0,0,0,0,0,0,0,0,0
"Bandara4",2020,"23","Bandara",0,0,0,0,0,0,0,0,0,0,0,49.004785125624,0,0,0,0,0,0,0,0,0,0,196.019140502507
"Hutan.lahan.kering.primer5",2021,"1","Hutan.lahan.kering.primer",11068.4897114915,0,0,0,0,0,0,0,0,0,0,0,605.120849146295,0,0,0,0,0,0,0,0,0,0
"Hutan.lahan.kering.sekunder...bekas.tebangan5",2021,"2","Hutan.lahan.kering.sekunder...bekas.tebangan",0,110483.997929863,0,0,0,0,0,0,0,0,0,18770.8518703404,11097.1740675654,0,0,0,0,0,0,0,0,0,0
"Hutan.rawa.primer5",2021,"3","Hutan.rawa.primer",0,0,0,0,0,0,0,0,0,0,0,0,0,0,0,0,0,0,0,0,0,0,0
"Hutan.rawa.sekunder5",2021,"4","Hutan.rawa.sekunder",0,0,0,0,0,0,0,0,0,0,0,0,0,0,0,0,0,0,0,0,0,0,0
"Hutan.mangrove.primer5",2021,"5","Hutan.mangrove.primer",0,0,0,0,0,0,0,0,0,0,0,0,0,0,0,0,0,0,0,0,0,0,0
"Hutan.mangrove.sekunder5",2021,"6","Hutan.mangrove.sekunder",0,0,0,0,0,851.226209970169,0,0,0,0,0,0,0,0,0,52.5400063214256,0,0,0,0,0,0,0
"Hutan.tanaman5",2021,"7","Hutan.tanaman",0,0,0,0,0,0,324175.937444904,0,0,0,0,31834.9557730389,24898.6690196598,27141.5767176532,0,0,0,0,0,0,0,0,0
"Perkebunan5",2021,"8","Perkebunan",0,0,0,0,0,0,0,109911.048811805,0,0,0,11940.5932213743,6943.00749003931,8595.77968665521,0,0,0,0,0,0,0,0,0
"Semak.belukar5",2021,"9","Semak.belukar",0,0,0,0,0,0,0,0,2300.10341314696,0,0,0,591.563841589441,0,0,0,0,0,0,0,0,0,0
"Semak.belukar.rawa5",2021,"10","Semak.belukar.rawa",0,0,0,0,0,0,0,0,0,0,0,0,0,0,0,0,0,0,0,0,0,0,0
"Savanna...Padang.rumput5",2021,"11","Savanna...Padang.rumput",0,0,0,0,0,0,0,0,0,0,0,0,0,0,0,0,0,0,0,0,0,0,0
"Pertanian.lahan.kering5",2021,"12","Pertanian.lahan.kering",0,0,0,0,0,0,50541.130965977,0,435.85811821041,0,0,789722.797148954,61968.6266542294,63904.1336989409,7428.83611751281,10594.7598955199,0,0,612.914396337452,2242.34771204913,0,0,16.0796950379881
"Pertanian.lahan.kering..campur.semak...kebun.campur5",2021,"13","Pertanian.lahan.kering..campur.semak...kebun.campur",0,22676.3802377071,0,0,0,0,2547.8933623896,4047.15272630327,0,0,0,66275.3251135693,661127.060000245,60310.7072437415,0,9520.42882822112,0,0,0,0,0,0,0
"Sawah5",2021,"14","Sawah",0,0,0,0,0,0,17940.4806573258,15183.3009625165,0,0,0,69589.2554754746,62638.9359647987,718348.891050189,0,11903.4623052724,0,1272.8979887395,0,1058.88940841949,0,0,0
"Tambak5",2021,"15","Tambak",0,0,0,0,0,0,0,0,0,0,0,0,0,10853.4411565777,43413.7646263109,0,0,0,0,0,0,0,0
"Pemukiman5",2021,"16","Pemukiman",0,0,0,0,0,0,0,0,0,0,0,20495.0254847572,13869.9123760052,13273.951986343,0,190549.431786253,0,0,0,0,0,0,0
"Transmigrasi5",2021,"17","Transmigrasi",0,0,0,0,0,0,0,0,0,0,0,0,0,0,0,0,0,0,0,0,0,0,0
"Lahan.terbuka5",2021,"18","Lahan.terbuka",0,0,0,0,0,0,0,0,0,0,0,0,1869.5221349927,0,0,0,0,7478.0885399694,0,0,0,0,0
"Pertambangan5",2021,"19","Pertambangan",0,0,0,0,0,0,0,0,0,0,0,411.316956470558,0,0,0,0,0,0,1645.26782588273,0,0,0,0
"Tubuh.air5",2021,"20","Tubuh.air",0,0,0,0,0,0,0,2441.33277325225,0,0,0,2398.6117970243,0,0,0,0,0,0,0,19359.7782811069,0,0,0
"Rawa5",2021,"21","Rawa",0,0,0,0,0,1.08355159326675,0,0,0,0,0,0,0,0,0,0,0,0,0,0,15.8929963765986,0,0
"Awan5",2021,"22","Awan",0,0,0,0,0,0,0,0,0,0,0,0,0,0,0,0,0,0,0,0,0,0,0
"Bandara5",2021,"23","Bandara",0,0,0,0,0,0,0,0,0,0,0,42.8791869677275,0,0,0,0,0,0,0,0,0,0,171.516747871084
"Hutan.lahan.kering.primer6",2022,"1","Hutan.lahan.kering.primer",10413.4683471781,0,0,0,0,0,0,0,0,0,0,0,655.021364313283,0,0,0,0,0,0,0,0,0,0
"Hutan.lahan.kering.sekunder...bekas.tebangan6",2022,"2","Hutan.lahan.kering.sekunder...bekas.tebangan",0,104822.791580593,0,0,0,0,0,0,0,0,0,18079.2006712437,10258.3859157327,0,0,0,0,0,0,0,0,0,0
"Hutan.rawa.primer6",2022,"3","Hutan.rawa.primer",0,0,0,0,0,0,0,0,0,0,0,0,0,0,0,0,0,0,0,0,0,0,0
"Hutan.rawa.sekunder6",2022,"4","Hutan.rawa.sekunder",0,0,0,0,0,0,0,0,0,0,0,0,0,0,0,0,0,0,0,0,0,0,0
"Hutan.mangrove.primer6",2022,"5","Hutan.mangrove.primer",0,0,0,0,0,0,0,0,0,0,0,0,0,0,0,0,0,0,0,0,0,0,0
"Hutan.mangrove.sekunder6",2022,"6","Hutan.mangrove.sekunder",0,0,0,0,0,797.656836564456,0,0,0,0,0,0,0,0,0,54.652924999551,0,0,0,0,0,0,0
"Hutan.tanaman6",2022,"7","Hutan.tanaman",0,0,0,0,0,0,313970.682967056,0,0,0,0,31368.8210004771,24326.0461285909,25539.8923344725,0,0,0,0,0,0,0,0,0
"Perkebunan6",2022,"8","Perkebunan",0,0,0,0,0,0,0,105265.02838484,0,0,0,11943.0497866816,6877.92435327224,7496.83274908256,0,0,0,0,0,0,0,0,0
"Semak.belukar6",2022,"9","Semak.belukar",0,0,0,0,0,0,0,0,2176.25124267138,0,0,0,559.710288685174,0,0,0,0,0,0,0,0,0,0
"Semak.belukar.rawa6",2022,"10","Semak.belukar.rawa",0,0,0,0,0,0,0,0,0,0,0,0,0,0,0,0,0,0,0,0,0,0,0
"Savanna...Padang.rumput6",2022,"11","Savanna...Padang.rumput",0,0,0,0,0,0,0,0,0,0,0,0,0,0,0,0,0,0,0,0,0,0,0
"Pertanian.lahan.kering6",2022,"12","Pertanian.lahan.kering",0,0,0,0,0,0,49460.3865461073,0,391.678035128818,0,0,808927.990574371,66008.6054178901,66878.7635663112,6728.98041454809,9736.09316492071,0,30.7060956236528,711.557836352717,2592.78064356583,0,0,14.0697331525007
"Pertanian.lahan.kering..campur.semak...kebun.campur6",2022,"13","Pertanian.lahan.kering..campur.semak...kebun.campur",0,20554.2414080926,0,0,0,0,1983.06712349541,4525.06328023837,0,0,0,70327.8755248631,676408.99841321,63187.2163841331,0,8623.13026423818,0,0,0,0,0,0,0
"Sawah6",2022,"14","Sawah",0,0,0,0,0,0,16379.9677455845,14615.0593936291,0,0,0,72569.7272493715,65522.9922536839,721942.785232082,0,10009.6754819324,0,1073.87926700228,0,314.3949168158,0,0,0
"Tambak6",2022,"15","Tambak",0,0,0,0,0,0,0,0,0,0,0,0,0,10168.5201487648,40674.0805950591,0,0,0,0,0,0,0,0
"Pemukiman6",2022,"16","Pemukiman",0,0,0,0,0,0,0,0,0,0,0,19884.1547822045,13152.0107321079,11489.104471915,0,178095.352835361,0,0,0,0,0,0,0
"Transmigrasi6",2022,"17","Transmigrasi",0,0,0,0,0,0,0,0,0,0,0,0,0,0,0,0,0,0,0,0,0,0,0
"Lahan.terbuka6",2022,"18","Lahan.terbuka",0,0,0,0,0,0,0,0,0,0,0,0,1750.19730574193,0,0,0,0,7000.78922296701,0,0,0,0,0
"Pertambangan6",2022,"19","Pertambangan",0,0,0,0,0,0,0,0,0,0,0,451.636444444035,0,0,0,0,0,0,1806.54577777605,0,0,0,0
"Tubuh.air6",2022,"20","Tubuh.air",0,0,0,0,0,0,0,1669.57128997561,0,0,0,2862.631790339,0,0,0,0,0,0,0,18128.8123212603,0,0,0
"Rawa6",2022,"21","Rawa",0,0,0,0,0,1.17252017665214,0,0,0,0,0,0,0,0,0,0,0,0,0,0,14.7204761999237,0,0
"Awan6",2022,"22","Awan",0,0,0,0,0,0,0,0,0,0,0,0,0,0,0,0,0,0,0,0,0,0,0
"Bandara6",2022,"23","Bandara",0,0,0,0,0,0,0,0,0,0,0,37.5192885817551,0,0,0,0,0,0,0,0,0,0,150.077154327172
"Hutan.lahan.kering.primer7",2023,"1","Hutan.lahan.kering.primer",9708.3305752768,0,0,0,0,0,0,0,0,0,0,0,705.137771900898,0,0,0,0,0,0,0,0,0,0
"Hutan.lahan.kering.sekunder...bekas.tebangan7",2023,"2","Hutan.lahan.kering.sekunder...bekas.tebangan",0,98695.804103438,0,0,0,0,0,0,0,0,0,17327.238121227,9353.99076402095,0,0,0,0,0,0,0,0,0,0
"Hutan.rawa.primer7",2023,"3","Hutan.rawa.primer",0,0,0,0,0,0,0,0,0,0,0,0,0,0,0,0,0,0,0,0,0,0,0
"Hutan.rawa.sekunder7",2023,"4","Hutan.rawa.sekunder",0,0,0,0,0,0,0,0,0,0,0,0,0,0,0,0,0,0,0,0,0,0,0
"Hutan.mangrove.primer7",2023,"5","Hutan.mangrove.primer",0,0,0,0,0,0,0,0,0,0,0,0,0,0,0,0,0,0,0,0,0,0,0
"Hutan.mangrove.sekunder7",2023,"6","Hutan.mangrove.sekunder",0,0,0,0,0,741.991579805697,0,0,0,0,0,0,0,0,0,56.8377769355866,0,0,0,0,0,0,0
"Hutan.tanaman7",2023,"7","Hutan.tanaman",0,0,0,0,0,0,303316.054982566,0,0,0,0,30892.6269794995,23739.8366994986,23845.5857206788,0,0,0,0,0,0,0,0,0
"Perkebunan7",2023,"8","Perkebunan",0,0,0,0,0,0,0,100858.58994467,0,0,0,11992.7326193178,6858.75829550302,6364.64148919276,0,0,0,0,0,0,0,0,0
"Semak.belukar7",2023,"9","Semak.belukar",0,0,0,0,0,0,0,0,2042.5942462475,0,0,0,525.335031552544,0,0,0,0,0,0,0,0,0,0
"Semak.belukar.rawa7",2023,"10","Semak.belukar.rawa",0,0,0,0,0,0,0,0,0,0,0,0,0,0,0,0,0,0,0,0,0,0,0
"Savanna...Padang.rumput7",2023,"11","Savanna...Padang.rumput",0,0,0,0,0,0,0,0,0,0,0,0,0,0,0,0,0,0,0,0,0,0,0
"Pertanian.lahan.kering7",2023,"12","Pertanian.lahan.kering",0,0,0,0,0,0,48338.5550638414,0,344.91836530235,0,0,828898.434560924,70219.8154504292,69943.20878288,6018.34207091396,8849.99008505848,0,498.562253211654,834.181512781943,2494.28795073042,0,0,12.3110165034595
"Pertanian.lahan.kering..campur.semak...kebun.campur7",2023,"13","Pertanian.lahan.kering..campur.semak...kebun.campur",0,18303.6245463958,0,0,0,0,1413.93213675532,5074.85305723063,0,0,0,74548.8198970568,692335.385779145,66148.7163614882,0,7694.56039515603,0,0,0,0,0,0,0
"Sawah7",2023,"14","Sawah",0,0,0,0,0,0,14742.9270291761,14035.005002378,0,0,0,75637.3252121963,68491.0795016554,725362.491909409,0,8006.60070180758,0,427.685530138166,0,0,0,0,0
"Tambak7",2023,"15","Tambak",0,0,0,0,0,0,0,0,0,0,0,0,0,9480.61220192119,37922.4488076855,0,0,0,0,0,0,0,0
"Pemukiman7",2023,"16","Pemukiman",0,0,0,0,0,0,0,0,0,0,0,19267.0372674508,12423.6725768144,9614.13366578787,0,165214.061161399,0,0,0,0,0,0,0
"Transmigrasi7",2023,"17","Transmigrasi",0,0,0,0,0,0,0,0,0,0,0,0,0,0,0,0,0,0,0,0,0,0,0
"Lahan.terbuka7",2023,"18","Lahan.terbuka",0,0,0,0,0,0,0,0,0,0,0,0,1621.07491711857,0,0,0,0,6484.29966847431,0,0,0,0,0
"Pertambangan7",2023,"19","Pertambangan",0,0,0,0,0,0,0,0,0,0,0,503.620722825762,0,0,0,0,0,0,2014.48289130324,0,0,0,0
"Tubuh.air7",2023,"20","Tubuh.air",0,0,0,0,0,0,0,881.893909901205,0,0,0,3325.30366642707,0,0,0,0,0,0,0,16828.7903053135,0,0,0
"Rawa7",2023,"21","Rawa",0,0,0,0,0,1.26190173911255,0,0,0,0,0,0,0,0,0,0,0,0,0,0,13.4585744606229,0,0
"Awan7",2023,"22","Awan",0,0,0,0,0,0,0,0,0,0,0,0,0,0,0,0,0,0,0,0,0,0,0
"Bandara7",2023,"23","Bandara",0,0,0,0,0,0,0,0,0,0,0,32.8293774958984,0,0,0,0,0,0,0,0,0,0,131.317509983717
"Hutan.lahan.kering.primer8",2024,"1","Hutan.lahan.kering.primer",8952.38425326591,0,0,0,0,0,0,0,0,0,0,0,755.946322010709,0,0,0,0,0,0,0,0,0,0
"Hutan.lahan.kering.sekunder...bekas.tebangan8",2024,"2","Hutan.lahan.kering.sekunder...bekas.tebangan",0,92101.0205376304,0,0,0,0,0,0,0,0,0,16530.1781109479,8368.23000125554,0,0,0,0,0,0,0,0,0,0
"Hutan.rawa.primer8",2024,"3","Hutan.rawa.primer",0,0,0,0,0,0,0,0,0,0,0,0,0,0,0,0,0,0,0,0,0,0,0
"Hutan.rawa.sekunder8",2024,"4","Hutan.rawa.sekunder",0,0,0,0,0,0,0,0,0,0,0,0,0,0,0,0,0,0,0,0,0,0,0
"Hutan.mangrove.primer8",2024,"5","Hutan.mangrove.primer",0,0,0,0,0,0,0,0,0,0,0,0,0,0,0,0,0,0,0,0,0,0,0
"Hutan.mangrove.sekunder8",2024,"6","Hutan.mangrove.sekunder",0,0,0,0,0,684.1337770709,0,0,0,0,0,0,0,0,0,59.1197044740875,0,0,0,0,0,0,0
"Hutan.tanaman8",2024,"7","Hutan.tanaman",0,0,0,0,0,0,292207.560405736,0,0,0,0,30436.3436534507,23138.6578684895,22028.9072846628,0,0,0,0,0,0,0,0,0
"Perkebunan8",2024,"8","Perkebunan",0,0,0,0,0,0,0,96679.1348235932,0,0,0,12119.2772287565,6883.35401902962,5168.57584280139,0,0,0,0,0,0,0,0,0
"Semak.belukar8",2024,"9","Semak.belukar",0,0,0,0,0,0,0,0,1899.08638269526,0,0,0,488.42622885389,0,0,0,0,0,0,0,0,0,0
"Semak.belukar.rawa8",2024,"10","Semak.belukar.rawa",0,0,0,0,0,0,0,0,0,0,0,0,0,0,0,0,0,0,0,0,0,0,0
"Savanna...Padang.rumput8",2024,"11","Savanna...Padang.rumput",0,0,0,0,0,0,0,0,0,0,0,0,0,0,0,0,0,0,0,0,0,0,0
"Pertanian.lahan.kering8",2024,"12","Pertanian.lahan.kering",0,0,0,0,0,0,47283.0334536023,0,295.450895625661,0,0,849670.516548976,74766.7623655098,73227.6888724586,5294.58870552476,8091.67525975409,0,737.379038571002,986.746219670371,2061.35492529221,0,0,10.7721394367982
"Pertanian.lahan.kering..campur.semak...kebun.campur8",2024,"13","Pertanian.lahan.kering..campur.semak...kebun.campur",0,15918.3354337379,0,0,0,0,834.859052596381,5740.91676891083,0,0,0,78965.3455272094,708936.810500677,69159.7759855883,0,6718.04351891799,0,0,0,0,0,0,0
"Sawah8",2024,"14","Sawah",0,0,0,0,0,0,12920.2183948887,13376.116928604,0,0,0,78691.1073592631,71412.1468949951,728607.512105087,0,5752.28844852127,0,0,0,0,0,0,0
"Tambak8",2024,"15","Tambak",0,0,0,0,0,0,0,0,0,0,0,0,0,8788.15817571968,35152.6327028793,0,0,0,0,0,0,0,0
"Pemukiman8",2024,"16","Pemukiman",0,0,0,0,0,0,0,0,0,0,0,18672.223223831,11679.8705594891,7613.29290828724,0,151856.66342875,0,0,0,0,0,0,0
"Transmigrasi8",2024,"17","Transmigrasi",0,0,0,0,0,0,0,0,0,0,0,0,0,0,0,0,0,0,0,0,0,0,0
"Lahan.terbuka8",2024,"18","Lahan.terbuka",0,0,0,0,0,0,0,0,0,0,0,0,1482.10949036504,0,0,0,0,5928.4379614592,0,0,0,0,0
"Pertambangan8",2024,"19","Pertambangan",0,0,0,0,0,0,0,0,0,0,0,569.732880817311,0,0,0,0,0,0,2278.931523268,0,0,0,0
"Tubuh.air8",2024,"20","Tubuh.air",0,0,0,0,0,0,0,98.6187643107105,0,0,0,3765.99688689779,0,0,0,0,0,0,0,15458.4626048349,0,0,0
"Rawa8",2024,"21","Rawa",0,0,0,0,0,1.3525330352204,0,0,0,0,0,0,0,0,0,0,0,0,0,0,12.1060414254898,0,0
"Awan8",2024,"22","Awan",0,0,0,0,0,0,0,0,0,0,0,0,0,0,0,0,0,0,0,0,0,0,0
"Bandara8",2024,"23","Bandara",0,0,0,0,0,0,0,0,0,0,0,28.7257052976247,0,0,0,0,0,0,0,0,0,0,114.90282118962
"Hutan.lahan.kering.primer9",2025,"1","Hutan.lahan.kering.primer",8144.47773357342,0,0,0,0,0,0,0,0,0,0,0,807.906519692781,0,0,0,0,0,0,0,0,0,0
"Hutan.lahan.kering.sekunder...bekas.tebangan9",2025,"2","Hutan.lahan.kering.sekunder...bekas.tebangan",0,85031.9786821859,0,0,0,0,0,0,0,0,0,15735.1910852537,7252.18620392844,0,0,0,0,0,0,0,0,0,0
"Hutan.rawa.primer9",2025,"3","Hutan.rawa.primer",0,0,0,0,0,0,0,0,0,0,0,0,0,0,0,0,0,0,0,0,0,0,0
"Hutan.rawa.sekunder9",2025,"4","Hutan.rawa.sekunder",0,0,0,0,0,0,0,0,0,0,0,0,0,0,0,0,0,0,0,0,0,0,0
"Hutan.mangrove.primer9",2025,"5","Hutan.mangrove.primer",0,0,0,0,0,0,0,0,0,0,0,0,0,0,0,0,0,0,0,0,0,0,0
"Hutan.mangrove.sekunder9",2025,"6","Hutan.mangrove.sekunder",0,0,0,0,0,623.963243352198,0,0,0,0,0,0,0,0,0,61.5230667541546,0,0,0,0,0,0,0
"Hutan.tanaman9",2025,"7","Hutan.tanaman",0,0,0,0,0,0,280635.772607905,0,0,0,0,30065.5275749052,22493.4554623813,20050.9156616319,0,0,0,0,0,0,0,0,0
"Perkebunan9",2025,"8","Perkebunan",0,0,0,0,0,0,0,92714.7378141097,0,0,0,12387.0078152753,6923.41437810557,3869.62727792896,0,0,0,0,0,0,0,0,0
"Semak.belukar9",2025,"9","Semak.belukar",0,0,0,0,0,0,0,0,1745.58904586082,0,0,0,448.948232459644,0,0,0,0,0,0,0,0,0,0
"Semak.belukar.rawa9",2025,"10","Semak.belukar.rawa",0,0,0,0,0,0,0,0,0,0,0,0,0,0,0,0,0,0,0,0,0,0,0
"Savanna...Padang.rumput9",2025,"11","Savanna...Padang.rumput",0,0,0,0,0,0,0,0,0,0,0,0,0,0,0,0,0,0,0,0,0,0,0
"Pertanian.lahan.kering9",2025,"12","Pertanian.lahan.kering",0,0,0,0,0,0,46248.5431082879,0,243.127688417808,0,0,871282.425321218,79664.2932744533,76737.8978622099,4555.24808656485,7387.30811452103,0,537.396930934599,1176.77542911825,1607.00568771793,0,0,9.42562200350221
"Pertanian.lahan.kering..campur.semak...kebun.campur9",2025,"13","Pertanian.lahan.kering..campur.semak...kebun.campur",0,13391.1762364089,0,0,0,0,249.363486890419,6172.40002876328,0,0,0,83796.6022647875,726245.379250707,72332.9283893144,0,5724.46459380405,0,0,0,0,0,0,0
"Sawah9",2025,"14","Sawah",0,0,0,0,0,0,10945.1741925308,12306.8105312536,0,0,0,81960.8072042608,74419.5416836306,731675.128939684,0,3286.44862324618,0,0,0,0,0,0,0
"Tambak9",2025,"15","Tambak",0,0,0,0,0,0,0,0,0,0,0,0,0,8089.4442816807,32357.7771267231,0,0,0,0,0,0,0,0
"Pemukiman9",2025,"16","Pemukiman",0,0,0,0,0,0,0,0,0,0,0,18163.3638622051,10888.416939826,5444.66469834867,0,137981.344860038,0,0,0,0,0,0,0
"Transmigrasi9",2025,"17","Transmigrasi",0,0,0,0,0,0,0,0,0,0,0,0,0,0,0,0,0,0,0,0,0,0,0
"Lahan.terbuka9",2025,"18","Lahan.terbuka",0,0,0,0,0,0,0,0,0,0,0,0,1333.16340000593,0,0,0,0,5332.65360002406,0,0,0,0,0
"Pertambangan9",2025,"19","Pertambangan",0,0,0,0,0,0,0,0,0,0,0,653.135548587601,0,0,0,0,0,0,2612.54219435052,0,0,0,0
"Tubuh.air9",2025,"20","Tubuh.air",0,0,0,0,0,0,0,0,0,0,0,3503.96350602532,0,0,0,0,0,0,0,14015.8540241015,0,0,0
"Rawa9",2025,"21","Rawa",0,0,0,0,0,1.44522146919462,0,0,0,0,0,0,0,0,0,0,0,0,0,0,10.6608199559923,0,0
"Awan9",2025,"22","Awan",0,0,0,0,0,0,0,0,0,0,0,0,0,0,0,0,0,0,0,0,0,0,0
"Bandara9",2025,"23","Bandara",0,0,0,0,0,0,0,0,0,0,0,25.1349921253363,0,0,0,0,0,0,0,0,0,0,100.539968500726
"Hutan.lahan.kering.primer10",2026,"1","Hutan.lahan.kering.primer",7282.99358073936,0,0,0,0,0,0,0,0,0,0,0,861.484152834085,0,0,0,0,0,0,0,0,0,0
"Hutan.lahan.kering.sekunder...bekas.tebangan10",2026,"2","Hutan.lahan.kering.sekunder...bekas.tebangan",0,77477.9254663372,0,0,0,0,0,0,0,0,0,14897.9778690454,6047.25158321138,0,0,0,0,0,0,0,0,0,0
"Hutan.rawa.primer10",2026,"3","Hutan.rawa.primer",0,0,0,0,0,0,0,0,0,0,0,0,0,0,0,0,0,0,0,0,0,0,0
"Hutan.rawa.sekunder10",2026,"4","Hutan.rawa.sekunder",0,0,0,0,0,0,0,0,0,0,0,0,0,0,0,0,0,0,0,0,0,0,0
"Hutan.mangrove.primer10",2026,"5","Hutan.mangrove.primer",0,0,0,0,0,0,0,0,0,0,0,0,0,0,0,0,0,0,0,0,0,0,0
"Hutan.mangrove.sekunder10",2026,"6","Hutan.mangrove.sekunder",0,0,0,0,0,561.335649585235,0,0,0,0,0,0,0,0,0,64.0728152365336,0,0,0,0,0,0,0
"Hutan.tanaman10",2026,"7","Hutan.tanaman",0,0,0,0,0,0,268586.504893542,0,0,0,0,29705.2259076993,21813.977968529,17973.1446258432,0,0,0,0,0,0,0,0,0
"Perkebunan10",2026,"8","Perkebunan",0,0,0,0,0,0,0,88954.1109785516,0,0,0,12722.4016735195,6988.18556196722,2529.25016008852,0,0,0,0,0,0,0,0,0
"Semak.belukar10",2026,"9","Semak.belukar",0,0,0,0,0,0,0,0,1581.87431171509,0,0,0,406.842422563422,0,0,0,0,0,0,0,0,0,0
"Semak.belukar.rawa10",2026,"10","Semak.belukar.rawa",0,0,0,0,0,0,0,0,0,0,0,0,0,0,0,0,0,0,0,0,0,0,0
"Savanna...Padang.rumput10",2026,"11","Savanna...Padang.rumput",0,0,0,0,0,0,0,0,0,0,0,0,0,0,0,0,0,0,0,0,0,0,0
"Pertanian.lahan.kering10",2026,"12","Pertanian.lahan.kering",0,0,0,0,0,0,45009.3684680949,0,187.776296559416,0,0,893774.240896431,84801.9150940724,80419.9871196922,3797.65379810065,6704.91008712749,0,325.624260840981,1413.75852808567,1129.67720639094,0,0,8.24741924955742
"Pertanian.lahan.kering..campur.semak...kebun.campur10",2026,"13","Pertanian.lahan.kering..campur.semak...kebun.campur",0,10713.7146066193,0,0,0,0,0,6558.63547286818,0,0,0,88767.5923559157,744294.792735668,75534.4978160394,0,4607.47235807998,0,0,0,0,0,0,0
"Sawah10",2026,"14","Sawah",0,0,0,0,0,0,8691.20840633491,11221.7224369699,0,0,0,85415.782478381,77566.789674154,734560.48568864,0,744.61842631959,0,0,0,0,0,0,0
"Tambak10",2026,"15","Tambak",0,0,0,0,0,0,0,0,0,0,0,0,0,7382.60504265747,29530.4201706305,0,0,0,0,0,0,0,0
"Pemukiman10",2026,"16","Pemukiman",0,0,0,0,0,0,0,0,0,0,0,17662.0535828926,10056.2337780719,3170.72511703298,0,123552.076780366,0,0,0,0,0,0,0
"Transmigrasi10",2026,"17","Transmigrasi",0,0,0,0,0,0,0,0,0,0,0,0,0,0,0,0,0,0,0,0,0,0,0
"Lahan.terbuka10",2026,"18","Lahan.terbuka",0,0,0,0,0,0,0,0,0,0,0,0,1174.01010619175,0,0,0,0,4696.04042476665,0,0,0,0,0
"Pertambangan10",2026,"19","Pertambangan",0,0,0,0,0,0,0,0,0,0,0,757.86352469368,0,0,0,0,0,0,3031.45409877483,0,0,0,0
"Tubuh.air10",2026,"20","Tubuh.air",0,0,0,0,0,0,0,0,0,0,0,3124.57194236396,0,0,0,0,0,0,0,12498.2877694554,0,0,0
"Rawa10",2026,"21","Rawa",0,0,0,0,0,1.54078550154281,0,0,0,0,0,0,0,0,0,0,0,0,0,0,9.12003445449955,0,0
"Awan10",2026,"22","Awan",0,0,0,0,0,0,0,0,0,0,0,0,0,0,0,0,0,0,0,0,0,0,0
"Bandara10",2026,"23","Bandara",0,0,0,0,0,0,0,0,0,0,0,21.9931181007246,0,0,0,0,0,0,0,0,0,0,87.9724724030289
"Hutan.lahan.kering.primer11",2027,"1","Hutan.lahan.kering.primer",6365.82081774921,0,0,0,0,0,0,0,0,0,0,0,917.172762989889,0,0,0,0,0,0,0,0,0,0
"Hutan.lahan.kering.sekunder...bekas.tebangan11",2027,"2","Hutan.lahan.kering.sekunder...bekas.tebangan",0,69423.7582810471,0,0,0,0,0,0,0,0,0,14008.3892726934,4759.49251921526,0,0,0,0,0,0,0,0,0,0
"Hutan.rawa.primer11",2027,"3","Hutan.rawa.primer",0,0,0,0,0,0,0,0,0,0,0,0,0,0,0,0,0,0,0,0,0,0,0
"Hutan.rawa.sekunder11",2027,"4","Hutan.rawa.sekunder",0,0,0,0,0,0,0,0,0,0,0,0,0,0,0,0,0,0,0,0,0,0,0
"Hutan.mangrove.primer11",2027,"5","Hutan.mangrove.primer",0,0,0,0,0,0,0,0,0,0,0,0,0,0,0,0,0,0,0,0,0,0,0
"Hutan.mangrove.sekunder11",2027,"6","Hutan.mangrove.sekunder",0,0,0,0,0,496.080658928906,0,0,0,0,0,0,0,0,0,66.7957761578764,0,0,0,0,0,0,0
"Hutan.tanaman11",2027,"7","Hutan.tanaman",0,0,0,0,0,0,256040.743143156,0,0,0,0,29405.3459484916,21165.2406538892,15675.7520224356,0,0,0,0,0,0,0,0,0
"Perkebunan11",2027,"8","Perkebunan",0,0,0,0,0,0,0,85386.569409237,0,0,0,13177.6415469544,7142.11048059979,1028.14745159777,0,0,0,0,0,0,0,0,0
"Semak.belukar11",2027,"9","Semak.belukar",0,0,0,0,0,0,0,0,1407.62371517682,0,0,0,362.026893096655,0,0,0,0,0,0,0,0,0,0
"Semak.belukar.rawa11",2027,"10","Semak.belukar.rawa",0,0,0,0,0,0,0,0,0,0,0,0,0,0,0,0,0,0,0,0,0,0,0
"Savanna...Padang.rumput11",2027,"11","Savanna...Padang.rumput",0,0,0,0,0,0,0,0,0,0,0,0,0,0,0,0,0,0,0,0,0,0,0
"Pertanian.lahan.kering11",2027,"12","Pertanian.lahan.kering",0,0,0,0,0,0,43958.9328632389,0,129.194208910369,0,0,917188.02891624,90566.9511034894,84456.9106630632,3018.88333091894,5085.09243254797,0,101.266863687357,1709.65925979288,627.567215314004,0,0,7.21649184009584
"Pertanian.lahan.kering..campur.semak...kebun.campur11",2027,"13","Pertanian.lahan.kering..campur.semak...kebun.campur",0,7876.01312098966,0,0,0,0,0,7368.54338521176,0,0,0,94245.9829984486,763120.425245914,78949.2996131011,0,2451.21871359846,0,0,0,0,0,0,0
"Sawah11",2027,"14","Sawah",0,0,0,0,0,0,5840.30283563917,9748.59304448257,0,0,0,88452.4080645667,80272.8351693108,737256.556455995,0,0,0,0,0,0,0,0,0
"Tambak11",2027,"15","Tambak",0,0,0,0,0,0,0,0,0,0,0,0,0,6665.61479374611,26662.4591749847,0,0,0,0,0,0,0,0
"Pemukiman11",2027,"16","Pemukiman",0,0,0,0,0,0,0,0,0,0,0,17222.6089173845,9252.47933129241,660.239906756813,0,108537.822311696,0,0,0,0,0,0,0
"Transmigrasi11",2027,"17","Transmigrasi",0,0,0,0,0,0,0,0,0,0,0,0,0,0,0,0,0,0,0,0,0,0,0
"Lahan.terbuka11",2027,"18","Lahan.terbuka",0,0,0,0,0,0,0,0,0,0,0,0,1004.33293712164,0,0,0,0,4017.33174848586,0,0,0,0,0
"Pertambangan11",2027,"19","Pertambangan",0,0,0,0,0,0,0,0,0,0,0,889.042525372021,0,0,0,0,0,0,3556.1701014885,0,0,0,0
"Tubuh.air11",2027,"20","Tubuh.air",0,0,0,0,0,0,0,0,0,0,0,2725.59299516932,0,0,0,0,0,0,0,10902.3719806769,0,0,0
"Rawa11",2027,"21","Rawa",0,0,0,0,0,1.64009232397348,0,0,0,0,0,0,0,0,0,0,0,0,0,0,7.47994213067432,0,0
"Awan11",2027,"22","Awan",0,0,0,0,0,0,0,0,0,0,0,0,0,0,0,0,0,0,0,0,0,0,0
"Bandara11",2027,"23","Bandara",0,0,0,0,0,0,0,0,0,0,0,19.243978330433,0,0,0,0,0,0,0,0,0,0,76.9759133219472
"Hutan.lahan.kering.primer12",2028,"1","Hutan.lahan.kering.primer",5390.30538712804,0,0,0,0,0,0,0,0,0,0,0,975.51543062103,0,0,0,0,0,0,0,0,0,0
"Hutan.lahan.kering.sekunder...bekas.tebangan12",2028,"2","Hutan.lahan.kering.sekunder...bekas.tebangan",0,38031.1036323557,0,0,0,0,0,0,0,0,0,30533.6301196446,8735.03765003649,0,0,0,0,0,0,0,0,0,0
"Hutan.rawa.primer12",2028,"3","Hutan.rawa.primer",0,0,0,0,0,0,0,0,0,0,0,0,0,0,0,0,0,0,0,0,0,0,0
"Hutan.rawa.sekunder12",2028,"4","Hutan.rawa.sekunder",0,0,0,0,0,0,0,0,0,0,0,0,0,0,0,0,0,0,0,0,0,0,0
"Hutan.mangrove.primer12",2028,"5","Hutan.mangrove.primer",0,0,0,0,0,0,0,0,0,0,0,0,0,0,0,0,0,0,0,0,0,0,0
"Hutan.mangrove.sekunder12",2028,"6","Hutan.mangrove.sekunder",0,0,0,0,0,427.998798459284,0,0,0,0,0,0,0,0,0,69.7219527937959,0,0,0,0,0,0,0
"Hutan.tanaman12",2028,"7","Hutan.tanaman",0,0,0,0,0,0,151858.971192759,0,0,0,0,68654.2062579724,47707.4439845575,37619.3574067454,0,0,0,0,0,0,0,0,0
"Perkebunan12",2028,"8","Perkebunan",0,0,0,0,0,0,0,51251.2492711723,0,0,0,33254.5676442621,14222.7927912392,3775.09613225883,0,0,0,0,0,0,0,0,0
"Semak.belukar12",2028,"9","Semak.belukar",0,0,0,0,0,0,0,0,764.01428682412,0,0,0,772.803637262544,0,0,0,0,0,0,0,0,0,0
"Semak.belukar.rawa12",2028,"10","Semak.belukar.rawa",0,0,0,0,0,0,0,0,0,0,0,0,0,0,0,0,0,0,0,0,0,0,0
"Savanna...Padang.rumput12",2028,"11","Savanna...Padang.rumput",0,0,0,0,0,0,0,0,0,0,0,0,0,0,0,0,0,0,0,0,0,0,0
"Pertanian.lahan.kering12",2028,"12","Pertanian.lahan.kering",0,0,0,0,0,0,73964.8514706761,24156.5563219648,525.550719115054,0,0,588479.962343478,228314.90063224,214184.947641641,11120.0873339788,28240.0247038089,0,1098.96677793274,3659.305477546,3557.5595893623,0,0,31.5721519062063
"Pertanian.lahan.kering..campur.semak...kebun.campur12",2028,"13","Pertanian.lahan.kering..campur.semak...kebun.campur",0,27684.9629662228,0,0,0,0,25988.2401286892,13688.6406173247,0,0,0,224388.495469076,489224.630114114,190894.031017279,0,6694.06678421309,0,0,0,0,0,0,0
"Sawah12",2028,"14","Sawah",0,0,0,0,0,0,36888.0061551158,9393.24501704012,0,0,0,217725.561457646,195596.26640711,462346.260453348,0,2743.18141643611,0,0,0,0,0,0,0
"Tambak12",2028,"15","Tambak",0,0,0,0,0,0,0,0,0,0,0,0,0,14840.6712529519,14840.6712529518,0,0,0,0,0,0,0,0
"Pemukiman12",2028,"16","Pemukiman",0,0,0,0,0,0,0,0,0,0,0,37608.4432119738,16571.493385278,3890.90149807706,0,58070.0911386719,0,0,0,0,0,0,0
"Transmigrasi12",2028,"17","Transmigrasi",0,0,0,0,0,0,0,0,0,0,0,0,0,0,0,0,0,0,0,0,0,0,0
"Lahan.terbuka12",2028,"18","Lahan.terbuka",0,0,0,0,0,0,0,0,0,0,0,0,2059.29930608718,0,0,0,0,2059.29930608671,0,0,0,0,0
"Pertambangan12",2028,"19","Pertambangan",0,0,0,0,0,0,0,0,0,0,0,2632.91468064093,0,0,0,0,0,0,2632.9146806408,0,0,0,0
"Tubuh.air12",2028,"20","Tubuh.air",0,0,0,0,0,0,0,0,0,0,0,5764.9695979958,0,0,0,0,0,0,0,5764.96959799561,0,0,0
"Rawa12",2028,"21","Rawa",0,0,0,0,0,1.7440960904346,0,0,0,0,0,0,0,0,0,0,0,0,0,0,5.73584604024836,0,0
"Awan12",2028,"22","Awan",0,0,0,0,0,0,0,0,0,0,0,0,0,0,0,0,0,0,0,0,0,0,0
"Bandara12",2028,"23","Bandara",0,0,0,0,0,0,0,0,0,0,0,42.0962025810984,0,0,0,0,0,0,0,0,0,0,42.0962025812548
"Hutan.lahan.kering.primer13",2029,"1","Hutan.lahan.kering.primer",4353.17691098687,0,0,0,0,0,0,0,0,0,0,0,1037.12847614126,0,0,0,0,0,0,0,0,0,0
"Hutan.lahan.kering.sekunder...bekas.tebangan13",2029,"2","Hutan.lahan.kering.sekunder...bekas.tebangan",0,32331.9783977455,0,0,0,0,0,0,0,0,0,27895.9493085167,5488.13889231558,0,0,0,0,0,0,0,0,0,0
"Hutan.rawa.primer13",2029,"3","Hutan.rawa.primer",0,0,0,0,0,0,0,0,0,0,0,0,0,0,0,0,0,0,0,0,0,0,0
"Hutan.rawa.sekunder13",2029,"4","Hutan.rawa.sekunder",0,0,0,0,0,0,0,0,0,0,0,0,0,0,0,0,0,0,0,0,0,0,0
"Hutan.mangrove.primer13",2029,"5","Hutan.mangrove.primer",0,0,0,0,0,0,0,0,0,0,0,0,0,0,0,0,0,0,0,0,0,0,0
"Hutan.mangrove.sekunder13",2029,"6","Hutan.mangrove.sekunder",0,0,0,0,0,356.856950451962,0,0,0,0,0,0,0,0,0,72.8859440980523,0,0,0,0,0,0,0
"Hutan.tanaman13",2029,"7","Hutan.tanaman",0,0,0,0,0,0,143348.477918417,0,0,0,0,67908.4187162445,46419.7292802297,31023.4430323488,0,0,0,0,0,0,0,0,0
"Perkebunan13",2029,"8","Perkebunan",0,0,0,0,0,0,0,49244.265604145,0,0,0,34390.7477771429,14854.6778462144,0,0,0,0,0,0,0,0,0,0
"Semak.belukar13",2029,"9","Semak.belukar",0,0,0,0,0,0,0,0,641.094870696017,0,0,0,648.470135242478,0,0,0,0,0,0,0,0,0,0
"Semak.belukar.rawa13",2029,"10","Semak.belukar.rawa",0,0,0,0,0,0,0,0,0,0,0,0,0,0,0,0,0,0,0,0,0,0,0
"Savanna...Padang.rumput13",2029,"11","Savanna...Padang.rumput",0,0,0,0,0,0,0,0,0,0,0,0,0,0,0,0,0,0,0,0,0,0,0
"Pertanian.lahan.kering13",2029,"12","Pertanian.lahan.kering",0,0,0,0,0,0,72434.8283686879,25931.9032466689,385.992729036763,0,0,604350.195344104,242673.935739832,222784.598700459,9172.61405852447,23997.677349806,0,558.351675625061,4430.11900438282,2337.00513523763,0,0,27.6256329072494
"Pertanian.lahan.kering..campur.semak...kebun.campur13",2029,"13","Pertanian.lahan.kering..campur.semak...kebun.campur",0,21069.7538642141,0,0,0,0,24752.4265201021,14834.1468595369,0,0,0,239226.127338886,502031.698599827,199564.468586761,0,2701.56156921854,0,0,0,0,0,0,0
"Sawah13",2029,"14","Sawah",0,0,0,0,0,0,30286.0792870155,4670.7800892336,0,0,0,225777.132413529,203041.640911373,463775.63270115,0,0,0,0,0,0,0,0,0
"Tambak13",2029,"15","Tambak",0,0,0,0,0,0,0,0,0,0,0,0,0,12980.3792934652,12980.3792934651,0,0,0,0,0,0,0,0
"Pemukiman13",2029,"16","Pemukiman",0,0,0,0,0,0,0,0,0,0,0,34769.4249014278,13139.4262187898,0,0,47908.2348757061,0,0,0,0,0,0,0
"Transmigrasi13",2029,"17","Transmigrasi",0,0,0,0,0,0,0,0,0,0,0,0,0,0,0,0,0,0,0,0,0,0,0
"Lahan.terbuka13",2029,"18","Lahan.terbuka",0,0,0,0,0,0,0,0,0,0,0,0,1579.13304200989,0,0,0,0,1579.13304200981,0,0,0,0,0
"Pertambangan13",2029,"19","Pertambangan",0,0,0,0,0,0,0,0,0,0,0,3146.11007909349,0,0,0,0,0,0,3146.11007909319,0,0,0,0
"Tubuh.air13",2029,"20","Tubuh.air",0,0,0,0,0,0,0,0,0,0,0,4661.26459367842,0,0,0,0,0,0,0,4661.26459367868,0,0,0
"Rawa13",2029,"21","Rawa",0,0,0,0,0,1.85387950284667,0,0,0,0,0,0,0,0,0,0,0,0,0,0,3.88196653721388,0,0
"Awan13",2029,"22","Awan",0,0,0,0,0,0,0,0,0,0,0,0,0,0,0,0,0,0,0,0,0,0,0
"Bandara13",2029,"23","Bandara",0,0,0,0,0,0,0,0,0,0,0,36.8341772436836,0,0,0,0,0,0,0,0,0,0,36.8341772438037
"Hutan.lahan.kering.primer14",2030,"1","Hutan.lahan.kering.primer",3250.44830617462,0,0,0,0,0,0,0,0,0,0,0,1102.7286048118,0,0,0,0,0,0,0,0,0,0
"Hutan.lahan.kering.sekunder...bekas.tebangan14",2030,"2","Hutan.lahan.kering.sekunder...bekas.tebangan",0,15764.0322368277,0,0,0,0,0,0,0,0,0,34518.4605668422,3119.239458289,0,0,0,0,0,0,0,0,0,0
"Hutan.rawa.primer14",2030,"3","Hutan.rawa.primer",0,0,0,0,0,0,0,0,0,0,0,0,0,0,0,0,0,0,0,0,0,0,0
"Hutan.rawa.sekunder14",2030,"4","Hutan.rawa.sekunder",0,0,0,0,0,0,0,0,0,0,0,0,0,0,0,0,0,0,0,0,0,0,0
"Hutan.mangrove.primer14",2030,"5","Hutan.mangrove.primer",0,0,0,0,0,0,0,0,0,0,0,0,0,0,0,0,0,0,0,0,0,0,0
"Hutan.mangrove.sekunder14",2030,"6","Hutan.mangrove.sekunder",0,0,0,0,0,282.382258034362,0,0,0,0,0,0,0,0,0,76.3285719204505,0,0,0,0,0,0,0
"Hutan.tanaman14",2030,"7","Hutan.tanaman",0,0,0,0,0,0,80682.8235802928,0,0,0,0,94369.732809076,63828.178958731,31941.0767461227,0,0,0,0,0,0,0,0,0
"Perkebunan14",2030,"8","Perkebunan",0,0,0,0,0,0,0,28403.9941914914,0,0,0,47508.4467006824,18768.6549074112,0,0,0,0,0,0,0,0,0,0
"Semak.belukar14",2030,"9","Semak.belukar",0,0,0,0,0,0,0,0,306.364047835381,0,0,0,720.723551896872,0,0,0,0,0,0,0,0,0,0
"Semak.belukar.rawa14",2030,"10","Semak.belukar.rawa",0,0,0,0,0,0,0,0,0,0,0,0,0,0,0,0,0,0,0,0,0,0,0
"Savanna...Padang.rumput14",2030,"11","Savanna...Padang.rumput",0,0,0,0,0,0,0,0,0,0,0,0,0,0,0,0,0,0,0,0,0,0,0
"Pertanian.lahan.kering14",2030,"12","Pertanian.lahan.kering",0,0,0,0,0,0,92379.6340925192,43422.5959204089,442.042321716799,0,0,372530.169194166,360822.768807753,320924.230565147,11597.2855115748,30236.0797614405,0,411.133547913676,6910.40614030202,2448.79439610931,0,0,37.0643908144993
"Pertanian.lahan.kering..campur.semak...kebun.campur14",2030,"13","Pertanian.lahan.kering..campur.semak...kebun.campur",0,24545.4408320964,0,0,0,0,41244.3281462864,19240.604638163,0,0,0,351654.629020881,309238.225158921,284990.751345628,0,0,0,0,0,0,0,0,0
"Sawah14",2030,"14","Sawah",0,0,0,0,0,0,37843.4945691231,0,0,0,0,323016.488146669,290229.982904137,279038.556694255,0,0,0,0,0,0,0,0,0
"Tambak14",2030,"15","Tambak",0,0,0,0,0,0,0,0,0,0,0,0,0,15507.0953463926,6645.89800559689,0,0,0,0,0,0,0,0
"Pemukiman14",2030,"16","Pemukiman",0,0,0,0,0,0,0,0,0,0,0,41654.7541321667,10621.6417763146,0,0,22403.9638303478,0,0,0,0,0,0,0
"Transmigrasi14",2030,"17","Transmigrasi",0,0,0,0,0,0,0,0,0,0,0,0,0,0,0,0,0,0,0,0,0,0,0
"Lahan.terbuka14",2030,"18","Lahan.terbuka",0,0,0,0,0,0,0,0,0,0,0,1130.23930234456,366.000000000153,0,0,0,0,641.245415290363,0,0,0,0,0
"Pertambangan14",2030,"19","Pertambangan",0,0,0,0,0,0,0,0,0,0,0,5303.36035843349,0,0,0,0,0,0,2272.8687250425,0,0,0,0
"Tubuh.air14",2030,"20","Tubuh.air",0,0,0,0,0,0,0,0,0,0,0,4898.78881024153,0,0,0,0,0,0,0,2099.48091867492,0,0,0
"Rawa14",2030,"21","Rawa",0,0,0,0,0,1.97070144810368,0,0,0,0,0,0,0,0,0,0,0,0,0,0,1.91126508932848,0,0
"Awan14",2030,"22","Awan",0,0,0,0,0,0,0,0,0,0,0,0,0,0,0,0,0,0,0,0,0,0,0
"Bandara14",2030,"23","Bandara",0,0,0,0,0,0,0,0,0,0,0,45.1218671053906,0,0,0,0,0,0,0,0,0,0,19.3379430451372
